{"name":"Kartoffelpuffer","image":"/Kartoffelpuffer/Kartoffelpuffer.jpg","imagePreviewPath":"/Kartoffelpuffer/preview/p-Kartoffelpuffer.jpg","preperationTime":30.0,"cookingTime":15.0,"totalTime":60.0,"servings":2.0,"servingName":null,"complexity":7,"categories":["Hauptgerichte"],"ingredientsGlossary":[],"ingredients":[[{"name":"Kartoffeln","amount":700.0,"unit":"g"},{"name":"Weizenmehl","amount":5.0,"unit":"EL"},{"name":"Zwiebel","amount":1.0,"unit":null},{"name":"Salz","amount":1.0,"unit":"TL"},{"name":"Speiseöl","amount":null,"unit":null},{"name":"optional: Pfeffer und Muskatnuss","amount":null,"unit":null}]],"vegetable":"Vegetable.VEGAN","steps":["Schäle die Kartoffeln und reibe sie fein in eine Schüssel","Etwas Salz in die Schüssel geben, damit die Stärke aus den Kartoffeln austritt.","Während die Kartoffeln zwei bis drei Minuten ziehen, die Zwiebel feinreiben.","Nun kannst du die Kartoffelmasse in ein Mulltuch einwickeln und gut auspressen. Das Wasser in einer Schüssel auffangen. ","Nach dem Auspressen die Kartoffelmasse mit den geriebenen Zwiebeln, dem restlichen Salz und den restlichen Gewürzen vermengen. ","Nun kannst du das Mehl mit etwa 5 Esslöffel des Kartoffelwassers vermischen und dann zur Kartoffelmasse hinzufügen. Durch die Stärke im Wasser wird der Teig besser gebunden.","Wenn der Teig fertig ist, mit den Händen kleine Puffer formen.\nDiese nun in eine Pfanne mit heißem Öl bei mittlerer Hitze anbraten, bis sie auf beiden Seiten goldbraun sind. Achte darauf, dass die Puffer an den Rändern nicht auseinander fallen."],"stepImages":[["/Kartoffelpuffer/stepImages/0/798.jpg"],[],[],[],[],[],[]],"notes":"Wenn nicht alle Puffer auf einmal in die Pfanne passen, kann man sie bei 50 Grad im Ofen warm halten.","nutritions":[],"lastModified":"2020-05-08 11:57:36.227902","rating":null,"keywords":[{"text":"saftig","number":4294924066},{"text":"herzhaft","number":4288423856}],"source":null}