{"name":"Potatoe wedges","image":"/Potatoe_wedges/Potatoe_wedges.jpg","imagePreviewPath":"/Potatoe_wedges/preview/p-Potatoe_wedges.jpg","preperationTime":30.0,"cookingTime":35.0,"totalTime":60.0,"servings":4.0,"servingName":"servings","complexity":5,"categories":["side dishes","main dishes"],"ingredientsGlossary":["potato wedges","dip"],"ingredients":[[{"name":"potatoes, peeled","amount":900.0,"unit":"g"},{"name":"oil","amount":30.0,"unit":"g"},{"name":"thyme","amount":null,"unit":null},{"name":"paprika powder","amount":null,"unit":null},{"name":"pepper","amount":null,"unit":null},{"name":"salt","amount":null,"unit":null},{"name":"garlic","amount":3.0,"unit":"cloves"}],[{"name":"yoghurt","amount":150.0,"unit":"g"},{"name":"sour cream","amount":150.0,"unit":"g"},{"name":"salt","amount":1.0,"unit":"Pr."},{"name":"pepper","amount":null,"unit":null},{"name":"herbs","amount":null,"unit":null},{"name":"sugar","amount":1.0,"unit":"Pr"},{"name":"garlic","amount":3.0,"unit":"cloves"}]],"vegetable":"Vegetable.VEGETARIAN","steps":["Peel the potatoes and cut them into small pieces. Pre-heat the oven with a baking tray to 180°C","Add all the spices, close the bowl and shake it.","Pour the potato wedges onto the hot baking tray and leave them in the oven for about 35 minutes. ","Mix all ingredients for the dip"],"stepImages":[["/Potatoe_wedges/stepImages/0/1993.jpg"],["/Potatoe_wedges/stepImages/1/5772.jpg"],["/Potatoe_wedges/stepImages/2/7179.jpg"],[]],"notes":"","nutritions":[],"lastModified":"2021-02-12 09:10:41.005171","rating":null,"keywords":[{"text":"hearty","number":4288423856}],"source":"","stepTitles":["","","",""]}