{"name":"Potato pancakes","image":"/Potato_pancakes/Potato_pancakes.jpg","imagePreviewPath":"/Potato_pancakes/preview/p-Potato_pancakes.jpg","preperationTime":30.0,"cookingTime":15.0,"totalTime":60.0,"servings":2.0,"servingName":"servings","complexity":7,"categories":["main dishes"],"ingredientsGlossary":[],"ingredients":[[{"name":"potatoes","amount":700.0,"unit":"g"},{"name":"wheat flour","amount":5.0,"unit":"EL"},{"name":"onion","amount":1.0,"unit":null},{"name":"salt","amount":1.0,"unit":"TL"},{"name":"oil","amount":null,"unit":""},{"name":"optional: pepper and nutmeg","amount":null,"unit":null}]],"vegetable":"Vegetable.VEGAN","steps":["Peel the potatoes and grate them finely in a bowl","Put some salt in the bowl so that the starch comes out of the potatoes. ","While the potatoes are cooking for about two minutes, grate the onion finely.","Now you can wrap the potato mixture in a cloth and squeeze it well. Collect the liquid in a bowl.","After pressing, mix the potato mass with the grated onions, the remaining salt and the remaining spices. ","Now you can mix the flour with about 5 tablespoons of the potato water and then add it to the potato mass. The starch in the water will help the dough to better bind.","When the dough is ready, form small buffers with your hands.\nNow fry them in a pan with hot oil at medium heat until they are golden brown on both sides. Make sure that the buffers do not fall apart at the edges."],"stepImages":[["/Potato_pancakes/stepImages/0/798.jpg"],[],[],[],[],[],[]],"notes":"If the pan is not big enought for making all buffers at once, you can keep them warm in the oven at 50 degrees. ","nutritions":[],"lastModified":"2021-02-12 09:16:55.243890","rating":null,"keywords":[{"text":"juicy","number":4294924066},{"text":"hearty","number":4288423856}],"source":"","stepTitles":["","","","","","",""]}