{"name":"Kartoffelecken","image":"/Kartoffelecken/Kartoffelecken.jpg","imagePreviewPath":"/Kartoffelecken/preview/p-Kartoffelecken.jpg","preperationTime":30.0,"cookingTime":35.0,"totalTime":60.0,"servings":4.0,"servingName":null,"complexity":5,"categories":["Beilage","Hauptgerichte"],"ingredientsGlossary":["Kartoffelecken","Dip"],"ingredients":[[{"name":"Kartoffeln, geschält","amount":900.0,"unit":"g"},{"name":"Öl(Raps)","amount":30.0,"unit":"g"},{"name":"Thymian","amount":null,"unit":null},{"name":"Paprikapulver","amount":null,"unit":null},{"name":"Pfeffer","amount":null,"unit":null},{"name":"Salz","amount":null,"unit":null},{"name":"Knoblauch","amount":3.0,"unit":"Zehen"}],[{"name":"Joghurt","amount":150.0,"unit":"g"},{"name":"Saure Sahne","amount":150.0,"unit":"g"},{"name":"Salz","amount":1.0,"unit":"Pr."},{"name":"Pfeffer","amount":null,"unit":null},{"name":"Kräuter","amount":null,"unit":null},{"name":"Zucker","amount":1.0,"unit":"Pr"},{"name":"Knoblauch","amount":3.0,"unit":"Zehen"}]],"vegetable":"Vegetable.VEGETARIAN","steps":["Kartoffeln schälen und in kleine Ecken schneiden. Am besten in eine Schüssel mit Deckel geben.\nBackofen mit Backblech auf 180°C vorheizen","Alle Gewürze hinzugeben, Deckel aufsetzen und schütteln. ","Die Kartoffelecken auf das heiße Backblech schütten und etwa 35 Minuten backen. ","Für den Dip alle Zutaten vermengen."],"stepImages":[["/Kartoffelecken/stepImages/0/1993.jpg"],["/Kartoffelecken/stepImages/1/5772.jpg"],["/Kartoffelecken/stepImages/2/7179.jpg"],[]],"notes":"","nutritions":[],"lastModified":"2020-05-11 23:24:11.030322","rating":null,"keywords":[{"text":"herzhaft","number":4288423856}],"source":""}