{"name":"Käsekuchen","image":"/Käsekuchen/Käsekuchen.jpg","imagePreviewPath":"/Käsekuchen/preview/p-Käsekuchen.jpg","preperationTime":30.0,"cookingTime":60.0,"totalTime":150.0,"servings":1.0,"servingName":"Kuchen","complexity":5,"categories":["Kuchen"],"ingredientsGlossary":["Mürbeteig","Füllung"],"ingredients":[[{"name":"Mehl","amount":250.0,"unit":"g"},{"name":"Zucker","amount":75.0,"unit":"g"},{"name":"Ei","amount":1.0,"unit":"Stk"},{"name":"Butter","amount":125.0,"unit":"g"}],[{"name":"Magerquark","amount":1.0,"unit":"kg"},{"name":"Öl(Raps)","amount":250.0,"unit":"ml"},{"name":"Vanillepuddingpulver","amount":1.0,"unit":"Pck"},{"name":"Vanillezucker","amount":1.0,"unit":"Pck"},{"name":"Zucker","amount":150.0,"unit":"g"},{"name":"Eier","amount":4.0,"unit":"Stk"}]],"vegetable":"Vegetable.VEGETARIAN","steps":["Zutaten zu einem Mürbeteig kneten, etwa 30min im Kühlschrank ruhen lassen. ","Die Zutaten für die Füllung mischen. Das Puddingpulver eventuell in etwas Milch lösen. \nEtwas rütteln und stehen lassen, damit Luftblasen entweichen können","Den Teig ausrollen und eine Springform (26cm) auslegen.\nDen Teig bei 180°C Umluft 10 min. vorbacken. ","Die Füllung auf den vorgebackenen Teig geben. Die Form mit Alufolie abdecken und 50 min. bei 150°C O/U-Hitze backen. \nDann die Abdeckung entfernen und nochmal 10 min. Umluft bei 160°C. \nDer Kuchen sollte nicht braun werden.","Den fertigen Kuchen abkühlen lassen, damit die Quarkmasse fest wird."],"stepImages":[[],[],[],[],[]],"notes":"Beim Vorbacken sackt der Rand leicht etwas ein, die Form also so hoch wie möglich auslegen. ","nutritions":[{"name":"Kalorien","amountUnit":"321 kcal"},{"name":"Fett","amountUnit":"23 g"},{"name":"Natrium","amountUnit":"438 mg"},{"name":"Kohlenhydrate","amountUnit":"26 g"},{"name":"Protein","amountUnit":"6 g"},{"name":"Menge","amountUnit":"100 g"}],"lastModified":"2020-05-08 17:17:32.954810","rating":null,"keywords":[{"text":"klassisch","number":4278238420},{"text":"luftig","number":4278430196},{"text":"Genuss","number":4293467747}],"source":""}