{"name":"Cheese cake","image":"/Cheese_cake/Cheese_cake.jpg","imagePreviewPath":"/Cheese_cake/preview/p-Cheese_cake.jpg","preperationTime":30.0,"cookingTime":60.0,"totalTime":150.0,"servings":1.0,"servingName":"cake/s","complexity":5,"categories":["cake"],"ingredientsGlossary":["short pastry","filling"],"ingredients":[[{"name":"flour","amount":250.0,"unit":"g"},{"name":"sugar","amount":75.0,"unit":"g"},{"name":"egg","amount":1.0,"unit":"pcs"},{"name":"butter","amount":125.0,"unit":"g"}],[{"name":"low-fat curd","amount":1.0,"unit":"kg"},{"name":"oil(rape)","amount":250.0,"unit":"ml"},{"name":"custard powder","amount":1.0,"unit":"Pck"},{"name":"vanilla sugar","amount":1.0,"unit":"Pck"},{"name":"sugar","amount":150.0,"unit":"g"},{"name":"eggs","amount":4.0,"unit":"pcs"}]],"vegetable":"Vegetable.VEGETARIAN","steps":["Knead ingredients to a shortcrust pastry, let rest in the refrigerator for about 30min. ","Mix the ingredients for the filling. If necessary, dissolve the pudding powder in some milk. Then shake a little and let it stand so that air bubbles can escape","Roll out the dough and lay out a springform pan (26cm).\nPre-bake the dough at 180°C circulating air for 10 min. ","Pour the filling onto the pre-baked dough. Cover the tin with aluminium foil and bake for 50 min. at 150°C top and bottom heat. Then remove the cover and bake again 10 min. convection oven at 160°C. \nThe cake should not be browned","Let the finished cake cool down so that the curd mixture becomes firm"],"stepImages":[[],[],[],[],[]],"notes":"When pre-baking, the edge will sag slightly, so place the mould as high as possible. ","nutritions":[{"name":"Protein","amountUnit":"13 g"},{"name":"quantity","amountUnit":"100 g"},{"name":"calories","amountUnit":"413 kcal"},{"name":"saturated fatty acids","amountUnit":"12 g"},{"name":"sodium","amountUnit":"< 0.1 g"},{"name":"Carbohydrates","amountUnit":"42.3 g"},{"name":"Fat","amountUnit":"20.7 g"},{"name":"fibre","amountUnit":"1 g"},{"name":"unsaturated fatty acids","amountUnit":"7 g"}],"lastModified":"2020-05-11 20:14:26.657883","rating":null,"keywords":[{"text":"enjoyment","number":4293467747},{"text":"classic","number":4278238420},{"text":"sweet","number":4294961979}],"source":""}