{"name":"Pizza","image":"/Pizza/Pizza.jpg","imagePreviewPath":"/Pizza/preview/p-Pizza.jpg","preperationTime":0.0,"cookingTime":45.0,"totalTime":360.0,"servings":3.0,"servingName":null,"complexity":8,"categories":["Hauptgerichte"],"ingredientsGlossary":["Quellstück (Autolyseteig)","Hauptteig","Belag"],"ingredients":[[{"name":"Dinkelmehl","amount":35.0,"unit":null},{"name":"Weizenmehl 550","amount":200.0,"unit":null},{"name":"Wasser","amount":225.0,"unit":null}],[{"name":"Quellstück","amount":null,"unit":null},{"name":"Sauerteig","amount":35.0,"unit":null},{"name":"Olivenöl","amount":10.0,"unit":"g"},{"name":"Frischhefe","amount":3.0,"unit":null},{"name":"Salz","amount":7.0,"unit":null}],[{"name":"Passata","amount":null,"unit":null},{"name":"Veganer Käseersatz","amount":null,"unit":null},{"name":"Knoblauch","amount":null,"unit":null},{"name":"Zwiebel","amount":null,"unit":null},{"name":"Oliven (optional)","amount":null,"unit":null},{"name":"Ananas (optional)","amount":null,"unit":null}]],"vegetable":"Vegetable.VEGAN","steps":["Zutaten für Autolyseteig gut vermengen","Restlichen Zutaten hinzugeben und gut mit der Hand einmischen. ","Den Teig 2,5h stehen lassen und dabei nach jeder Stunde einmal 5 min gut durchkneten","Teiglinge zu je 200g portionieren und dabei Täschen mit Schluss oben bilden","Gut bemehlen, vorsichtig dünn ausformen und dann bei 280-300° 3-5min in den Ofen. Alternativ bei 250° für 8-10 min. Ober- und Unterhitze"],"stepImages":[[],[],[],[],[]],"notes":"","nutritions":[],"lastModified":"2020-05-08 11:57:36.297729","rating":null,"keywords":[{"text":"klassisch","number":4278238420},{"text":"saftig","number":4294924066},{"text":"Genuss","number":4293467747}],"source":""}