{"name":"Pizza","image":"/Pizza/Pizza.jpg","imagePreviewPath":"/Pizza/preview/p-Pizza.jpg","preperationTime":0.0,"cookingTime":45.0,"totalTime":360.0,"servings":3.0,"servingName":"servings","complexity":8,"categories":["main dishes"],"ingredientsGlossary":["source piece","main dough","coating"],"ingredients":[[{"name":"spelt flour","amount":35.5,"unit":null},{"name":"wheat flour","amount":200.0,"unit":null},{"name":"water","amount":225.0,"unit":null}],[{"name":"source piece","amount":null,"unit":null},{"name":"sourdough","amount":35.0,"unit":null},{"name":"olive oil","amount":10.0,"unit":"g"},{"name":"fresh yeast","amount":3.0,"unit":null},{"name":"salt","amount":7.0,"unit":null}],[{"name":"passata","amount":null,"unit":null},{"name":"vegan cheese substitute","amount":null,"unit":null},{"name":"garlic","amount":null,"unit":null},{"name":"onion","amount":null,"unit":null},{"name":"olives (optional)","amount":null,"unit":null},{"name":"pineapple (optional)","amount":null,"unit":null}]],"vegetable":"Vegetable.VEGAN","steps":["Mix the ingredients for the autolysis dough well.","Add remaining ingredients and mix well by hand.","Let the dough stand for 2.5 hours, kneading it well for 5 minutes after each hour.","portion dough pieces of 200g each and form small pockets with the top end.","Flour well, form carefully thinly and then put in the oven at 280-300° for 3-5 minutes.  Alternatively at 250° for 8-10 min. top and bottom heat."],"stepImages":[[],[],[],[],[]],"notes":"","nutritions":[],"lastModified":"2020-05-11 20:22:13.956285","rating":null,"keywords":[{"text":"classic","number":4278238420},{"text":"enjoyment","number":4293467747},{"text":"juicy","number":4294924066}],"source":""}