{"name":"Quark snails","image":"/Quark_snails/Quark_snails.jpg","imagePreviewPath":"/Quark_snails/preview/p-Quark_snails.jpg","preperationTime":30.0,"cookingTime":30.0,"totalTime":1200.0,"servings":null,"servingName":"servings","complexity":6,"categories":["biscuits"],"ingredientsGlossary":["flour cooked piece","main dough","quark filling"],"ingredients":[[{"name":"chestnut flour","amount":35.0,"unit":"g"},{"name":"milk","amount":175.0,"unit":"g"},{"name":"salt","amount":10.0,"unit":"g"},{"name":"sugar","amount":25.0,"unit":"g"}],[{"name":"flour cooking piece","amount":null,"unit":null},{"name":"wheat flour","amount":470.0,"unit":"g"},{"name":"Wheat Flour","amount":45.0,"unit":"g"},{"name":"Egg Yolk","amount":50.0,"unit":"g"},{"name":"Milk","amount":125.0,"unit":"g"},{"name":"Fresh Yeast","amount":10.0,"unit":"g"},{"name":"butter","amount":150.0,"unit":"g"}],[{"name":"cottage cheese","amount":100.0,"unit":"g"},{"name":"egg","amount":1.0,"unit":null},{"name":"egg yolk","amount":10.0,"unit":"g"},{"name":"sugar","amount":25.0,"unit":"g"},{"name":"milk","amount":5.0,"unit":"g"},{"name":"vanilla","amount":null,"unit":null}]],"vegetable":"Vegetable.VEGETARIAN","steps":["Mix the flour cooking ingredients and bring to the boil while stirring until the mixture sticks. Cover directly on the surface with cling film and allow to cool to room temperature (can be stored for up to 24 hours, otherwise keep in the refrigerator)","Knead all the dough ingredients except the butter for 5 minutes on the lowest setting and another 20 minutes on the second setting to a medium firm firm dough. Add the butter in pieces and knead for a further 3-5 minutes on the second heat (dough temperature approx. 26°C).\n\nLeave the dough to rest for 12-18 hours at 6-8°C.\n\nIn the meantime, mix the quark mixture and chill","Roll out the cold dough to approx. 60 x 30 cm. Spread the curd mixture thinly on top","Roll the dough tightly over the long side and press the end of the dough firmly onto the roll. Cut off the thinner side pieces with a sharp knife so that the roll has the same thickness.\n12 Cut approx. 4 cm thick slices and place them in a greased casserole dish","Cover the dish with foil and let it rest for 3.5 hours at room temperature. During this time, the snails should have approximately doubled their volume","Bake with steam at 220°C for 30 minutes, dropping to 180°C."],"stepImages":[["Quark_snails/stepImages/0/7397.jpg"],["Quark_snails/stepImages/1/5388.jpg"],[],[],[],["Quark_snails/stepImages/5/725.jpg"]],"notes":"","nutritions":[],"lastModified":"2020-05-11 19:47:09.012233","rating":null,"keywords":[{"text":"succulent","number":4294924066},{"text":"enjoyment","number":4293467747}],"source":""}