{"name":"Quarkschnecken","image":"/Quarkschnecken/Quarkschnecken.jpg","imagePreviewPath":"/Quarkschnecken/preview/p-Quarkschnecken.jpg","preperationTime":30.0,"cookingTime":30.0,"totalTime":1200.0,"servings":1.0,"servingName":"Blech/e","complexity":6,"categories":["Kleingebäck"],"ingredientsGlossary":["Mehlkochstück","Hauptteig","Quarkfüllung"],"ingredients":[[{"name":"Kastanienmehl","amount":35.0,"unit":"g"},{"name":"Milch","amount":175.0,"unit":"g"},{"name":"Salz","amount":10.0,"unit":"g"},{"name":"Zucker","amount":25.0,"unit":"g"}],[{"name":"Mehlkochstück","amount":null,"unit":null},{"name":"Weizenmehl","amount":470.0,"unit":"g"},{"name":"Weizenanstellgut","amount":45.0,"unit":"g"},{"name":"Eigelb","amount":50.0,"unit":"g"},{"name":"Milch","amount":125.0,"unit":"g"},{"name":"Frischhefe","amount":10.0,"unit":"g"},{"name":"Butter","amount":150.0,"unit":"g"}],[{"name":"Abgehangener Quark","amount":100.0,"unit":"g"},{"name":"Ei","amount":1.0,"unit":null},{"name":"Eigelb","amount":10.0,"unit":"g"},{"name":"Zucker","amount":25.0,"unit":"g"},{"name":"Milch","amount":5.0,"unit":"g"},{"name":"Vanille","amount":null,"unit":null}]],"vegetable":"Vegetable.VEGETARIAN","steps":["Die Mehlkochstückzutaten verrühren und unter Rühren aufkochen bis die Masse stockt. Direkt auf der Oberfläche mit Klarsichtfolie abdecken und auf Raumtemperatur auskühlen lassen (bis zu 24 Stunden lagerfähig, ansonsten im Kühlschrank aufbewahren).","Sämtliche Teigzutaten bis auf die Butter 5 Minuten auf niedrigster Stufe und weitere 20 Minuten auf zweiter Stufe zu einem mittelfesten straffen Teig kneten. Die Butter in Stücken zugeben und weitere 3-5 Minuten auf zweiter Stufe einarbeiten (Teigtemperatur ca. 26°C).\n\nDen Teig 12-18 Stunden bei 6-8°C ruhen lassen.\n\nIn der Zwischenzeit die Quarkmasse anrühren und kalt stellen.","Den kalten Teig auf ca. 60 x 30 cm ausrollen. Die Quarkmasse dünn darauf verteilen.","Teig über die lange Seite straff aufrollen und das Ende des Teiges gut an der Rolle festdrücken. Die dünneren Seitenstücke mit einem scharfen Messer abschneiden, sodass die Rolle gleich dick ist.\n12 ca. 4 cm dicke Scheiben schneiden und in eine gefettete Auflaufform setzen","Die Form mit Folie bedecken und 3,5 Stunden bei Raumtemperatur ruhen lassen. Die Schnecken sollten in dieser Zeit ihr Volumen etwa verdoppelt haben.","Bei 220°C fallend auf 180°C 30 Minuten mit Dampf backen."],"stepImages":[["/Quarkschnecken/stepImages/0/7397.jpg"],["/Quarkschnecken/stepImages/1/5388.jpg"],[],[],[],["/Quarkschnecken/stepImages/5/725.jpg"]],"notes":"","nutritions":[],"lastModified":"2020-05-08 17:16:38.713950","rating":null,"keywords":[{"text":"saftig","number":4294924066},{"text":"Genuss","number":4293467747}],"source":""}