{"name":"Roggensauerteigbrot","image":"/Roggensauerteigbrot/Roggensauerteigbrot.jpg","imagePreviewPath":"/Roggensauerteigbrot/preview/p-Roggensauerteigbrot.jpg","preperationTime":15.0,"cookingTime":60.0,"totalTime":960.0,"servings":1.0,"servingName":"Brot/e","complexity":5,"categories":["Brot"],"ingredientsGlossary":["Sauerteig","Hauptteig"],"ingredients":[[{"name":"Roggenvollkornmehl","amount":250.0,"unit":"g"},{"name":"Wasser","amount":250.0,"unit":"g"},{"name":"Roggenanstellgut","amount":50.0,"unit":"g"}],[{"name":"Roggenvollkornmehl","amount":500.0,"unit":"g"},{"name":"Wasser","amount":270.0,"unit":"g"},{"name":"Salz","amount":15.0,"unit":"g"}]],"vegetable":"Vegetable.VEGAN","steps":["Die Zutaten für den Sauerteig abends ansetzen und über Nacht abgedeckt stehen lassen. ","Dann die Zutaten für den Hauptteig hinzugeben und gut vermischen.\nDiesen dann für 30 min abgedeckt stehen lassen.","Den Teig nun formen und in einen Brotkorb für 3 - 5 h packen. Ganz nach Gefühl. Wenn der Zeit zu lange aufging, wird das Brot sehr flach verlaufen und wenn er zu wenig Zeit hatte, wird das Brot sehr fest und wenig luftig."],"stepImages":[[],[],[]],"notes":"Die Angaben sind Richtwerte, da es beim Backen mit Sauerteig immer auf die Außentemperatur, sowie auch die stärke des Sauerteigs an sich ankommt. \nAlso rumprobieren und ein Gefühl entwickeln! :)","nutritions":[{"name":"Kalorien","amountUnit":"259 kcal"},{"name":"Fett","amountUnit":"3,3 g"},{"name":"Natrium","amountUnit":"603 mg"},{"name":"Kohlenhydrate","amountUnit":"48 g"},{"name":"Protein","amountUnit":"9 g"},{"name":"Menge","amountUnit":"100 g"}],"lastModified":"2020-05-08 17:15:38.958380","rating":null,"keywords":[{"text":"klassisch","number":4278238420}],"source":""}