{"name":"Rye sourdough bread","image":"/Rye_sourdough_bread/Rye_sourdough_bread.jpg","imagePreviewPath":"/Rye_sourdough_bread/preview/p-Rye_sourdough_bread.jpg","preperationTime":15.0,"cookingTime":60.0,"totalTime":960.0,"servings":1.0,"servingName":"bread/s","complexity":5,"categories":["bread"],"ingredientsGlossary":["sourdough","main dough"],"ingredients":[[{"name":"wholemeal rye flour","amount":250.0,"unit":"g"},{"name":"water","amount":250.0,"unit":"g"},{"name":"rye flour","amount":50.0,"unit":"g"}],[{"name":"wholemeal rye flour","amount":500.0,"unit":"g"},{"name":"water","amount":270.0,"unit":"g"},{"name":"salt","amount":15.0,"unit":"g"}]],"vegetable":"Vegetable.VEGAN","steps":["Prepare the ingredients for the sourdough in the evening and leave it covered overnight. ","Then add the ingredients for the main dough and mix well, leave it covered for 30 minutes.","Now form the dough and put it in a bread basket for 3 - 5 hours. If it has risen for too long, the bread will be very flat and if he has had too little time, the bread will be very firm and not very airy."],"stepImages":[[],[],[]],"notes":"These are guidelines, because when baking with sourdough, the outside temperature and the thickness of the sourdough are always important. \nSo try it out and get a feeling! :)","nutritions":[{"name":"quantity","amountUnit":"100g"},{"name":"calories","amountUnit":"217 kcal"},{"name":"saturated fatty acids","amountUnit":"0.5 g"},{"name":"sodium","amountUnit":"0.5 g"},{"name":"carbohydrates","amountUnit":"37 g"},{"name":"protein","amountUnit":"6 g"},{"name":"fat","amountUnit":"3 g"},{"name":"fiber","amountUnit":"9 g"}],"lastModified":"2020-05-11 20:14:52.751701","rating":null,"keywords":[{"text":"classic","number":4278238420}],"source":""}