{"name":"Rye Wheat Bread","image":"/Rye_Wheat_Bread/Rye_Wheat_Bread.jpg","imagePreviewPath":"/Rye_Wheat_Bread/preview/p-Rye_Wheat_Bread.jpg","preperationTime":10.0,"cookingTime":60.0,"totalTime":900.0,"servings":1.0,"servingName":"bread/s","complexity":4,"categories":["bread"],"ingredientsGlossary":["rye sourdough","main dough"],"ingredients":[[{"name":"rye leaven","amount":50.0,"unit":"g"},{"name":"wholemeal rye flour","amount":200.0,"unit":"g"},{"name":"water","amount":200.0,"unit":"g"}],[{"name":"wholemeal rye flour","amount":200.0,"unit":"g"},{"name":"wheat flour 550","amount":400.0,"unit":"g"},{"name":"salt","amount":15.0,"unit":"g"},{"name":"water","amount":250.0,"unit":"g"}]],"vegetable":"Vegetable.VEGAN","steps":["rye sourdough prepare the evening before and leave to stand overnight. ","Add ingredients to the main dough and fold and stretch it 3 times for a few minutes within the next 2 hours. \nThen form the dough and put it into a fermenting basket.","After about 4 hours put the bread in the oven for one hour at 200° with top and bottom heat. Before doing so, cut into the bread as desired."],"stepImages":[[],[],["/Rye_Wheat_Bread/stepImages/2/8353.jpg"]],"notes":"The details are only guidelines. In the case of sourdough, the time the dough takes to reach the optimum point always depends heavily on the outside temperature. \nSo just try around what fits best and develop a feeling","nutritions":[],"lastModified":"2020-05-11 20:14:14.512024","rating":null,"keywords":[{"text":"airy","number":4278430196}],"source":""}