{"name":"Roggenweizenbrot","image":"/Roggenweizenbrot/Roggenweizenbrot.jpg","imagePreviewPath":"/Roggenweizenbrot/preview/p-Roggenweizenbrot.jpg","preperationTime":10.0,"cookingTime":60.0,"totalTime":900.0,"servings":1.0,"servingName":"Brot","complexity":4,"categories":["Brot"],"ingredientsGlossary":["Roggensauerteig","Hauptteig"],"ingredients":[[{"name":"Roggenanstellgut","amount":50.0,"unit":"g"},{"name":"Roggenvollkornmehl","amount":200.0,"unit":"g"},{"name":"Wasser","amount":200.0,"unit":"g"}],[{"name":"Roggenvollkornmehl","amount":200.0,"unit":"g"},{"name":"Weizenmehl 550","amount":400.0,"unit":"g"},{"name":"Salz","amount":15.0,"unit":"g"},{"name":"Wasser","amount":250.0,"unit":"g"}]],"vegetable":"Vegetable.VEGAN","steps":["Roggensauerteig am Vorabend ansetzen und über die Nacht stehen lassen. ","Zutaten dem Hauptteig hinzugeben und innerhalb der nächsten 2 Stunden insgesamt 3x für ein paar Minuten falten und dehnen. \nDann den Teig formen und in einen Gärkorb packen","Nach ca. 4h das Brot für eine Stunde bei 200° bei Ober- Unterhitze in den Ofen. Vorher noch nach Belieben einschneiden."],"stepImages":[[],[],["/Roggenweizenbrot/stepImages/2/8353.jpg"]],"notes":"Die Angaben sind nur Richtwerte. Bei Sauerteig kommt es immer auch stark auf die Außentemperatur drauf an, wie lange der Teig braucht um den optimalen Punkt erreicht zu haben. \nAlso einfach rumprobieren, was am besten passt und ein Gefühl entwickeln.","nutritions":[],"lastModified":"2020-05-08 17:21:17.535750","rating":null,"keywords":[{"text":"luftig","number":4278430196}],"source":""}