{"name":"Schicht- Knusperjoghurt","image":"/Schicht-_Knusperjoghurt/Schicht-_Knusperjoghurt.jpg","imagePreviewPath":"/Schicht-_Knusperjoghurt/preview/p-Schicht-_Knusperjoghurt.jpg","preperationTime":10.0,"cookingTime":0.0,"totalTime":30.0,"servings":6.0,"servingName":null,"complexity":3,"categories":["Nachtisch"],"ingredientsGlossary":[],"ingredients":[[{"name":"Knuspermüsli","amount":200.0,"unit":"g"},{"name":"Joghurt","amount":500.0,"unit":"g"},{"name":"Vanillezucker","amount":500.0,"unit":"g"},{"name":"rote Grütze","amount":500.0,"unit":"g"},{"name":"Knuspermüsli (zum bestreuen)","amount":null,"unit":null}]],"vegetable":"Vegetable.VEGETARIAN","steps":["Das Müsli in eine Schale oder 4 - 6 Dessertgläser geben.","Joghurt mit Vanillezucker verrühren und auf das Müsli geben.","Darauf rote Grütze verteilen und mit etwas Müsli garnieren"],"stepImages":[[],[],[]],"notes":"Statt roter Grütze kann man auch gut tiefgefrorene Himbeeren, angedickt mit Saft nehmen","nutritions":[],"lastModified":"2020-05-08 11:57:36.415711","rating":null,"keywords":[{"text":"süß","number":4294961979},{"text":"Genuss","number":4293467747}],"source":""}