{"name":"Layered crisp yoghurt","image":"/Layered_crisp_yoghurt/Layered_crisp_yoghurt.jpg","imagePreviewPath":"/Layered_crisp_yoghurt/preview/p-Layered_crisp_yoghurt.jpg","preperationTime":10.0,"cookingTime":0.0,"totalTime":30.0,"servings":6.0,"servingName":"servings","complexity":3,"categories":["dessert"],"ingredientsGlossary":[],"ingredients":[[{"name":"crunchy cereals","amount":200.0,"unit":"g"},{"name":"yogurt","amount":500.0,"unit":"g"},{"name":"vanilla sugar","amount":500.0,"unit":"g"},{"name":"red fruit jelly","amount":500.0,"unit":"g"},{"name":"crunchy muesli (to sprinkle on)","amount":null,"unit":null}]],"vegetable":"Vegetable.VEGETARIAN","steps":["Put the muesli in a bowl or 4 - 6 dessert glasses","Mix yoghurt with vanilla sugar and pour onto the muesli. ","Spread red fruit jelly on top and garnish with some muesli"],"stepImages":[[],[],[]],"notes":"Instead of red fruit jelly you can also use frozen raspberries thickened with juice","nutritions":[],"lastModified":"2020-05-11 19:47:09.183015","rating":null,"keywords":[{"text":"sweet","number":4294961979},{"text":"enjoyment","number":4293467747}],"source":""}