{"name":"Chocolate rolls","image":"/Chocolate_rolls/Chocolate_rolls.jpg","imagePreviewPath":"/Chocolate_rolls/preview/p-Chocolate_rolls.jpg","preperationTime":20.0,"cookingTime":25.0,"totalTime":120.0,"servings":9.0,"servingName":"servings","complexity":5,"categories":["biscuits"],"ingredientsGlossary":[],"ingredients":[[{"name":"flour","amount":500.0,"unit":"g"},{"name":"yeast","amount":1.0,"unit":"Pck"},{"name":"salt","amount":null,"unit":null},{"name":"milk","amount":250.0,"unit":"g"},{"name":"sugar","amount":50.0,"unit":"g"},{"name":"butter","amount":60.0,"unit":"g"},{"name":"egg","amount":1.0,"unit":null},{"name":"chocolate","amount":170.0,"unit":"g"}]],"vegetable":"Vegetable.VEGETARIAN","steps":["Knead ingredients to form dough and let it rise for 1 hour","Divide into 9 portions and roll out long (approx. 8x30cm)","Sprinkle with chocolate and roll it up","Let it rise for another 30 minutes to 1 hour","Bake at 175° convection oven for 20 - 25 minutes"],"stepImages":[[],[],[],[],[]],"notes":"","nutritions":[],"lastModified":"2021-02-12 09:50:54.590577","rating":null,"keywords":[{"text":"sweet","number":4294961979},{"text":"pleasure","number":4293467747},{"text":"airy","number":4278430196}],"source":"","stepTitles":["","","","",""]}