{"name":"Schokoladenmilchbrötchen","image":"/Schokoladenmilchbrötchen/Schokoladenmilchbrötchen.jpg","imagePreviewPath":"/Schokoladenmilchbrötchen/preview/p-Schokoladenmilchbrötchen.jpg","preperationTime":20.0,"cookingTime":25.0,"totalTime":120.0,"servings":9.0,"servingName":"Stück","complexity":5,"categories":["Kleingebäck"],"ingredientsGlossary":[],"ingredients":[[{"name":"Mehl","amount":500.0,"unit":"g"},{"name":"Hefe","amount":1.0,"unit":"Pck"},{"name":"Salz","amount":null,"unit":null},{"name":"Milch","amount":250.0,"unit":"g"},{"name":"Zucker","amount":50.0,"unit":"g"},{"name":"Butter","amount":60.0,"unit":"g"},{"name":"Ei","amount":1.0,"unit":null},{"name":"Schokolade","amount":170.0,"unit":"g"}]],"vegetable":"Vegetable.VEGETARIAN","steps":["Zutaten zum Teig verkneten und 1 h gehen lassen","Zeige 9 Portionen teilen und lang ausrollen (ca. 8x30cm)","Mit Schokolade bestreuen und aufrollen","Nochmal 30 Minuten bis 1 Stunde gehen lassen","Bei 175° Umluft 20 - 25 min backen"],"stepImages":[[],[],[],[],[]],"notes":"","nutritions":[],"lastModified":"2020-05-08 17:23:04.915066","rating":null,"keywords":[{"text":"süß","number":4294961979},{"text":"Genuss","number":4293467747},{"text":"luftig","number":4278430196}],"source":""}