{"name":"Wallnussherzen","image":"/Wallnussherzen/Wallnussherzen.jpg","imagePreviewPath":"/Wallnussherzen/preview/p-Wallnussherzen.jpg","preperationTime":20.0,"cookingTime":12.0,"totalTime":90.0,"servings":null,"servingName":null,"complexity":4,"categories":["Kleingebäck"],"ingredientsGlossary":["Teig","Glasur"],"ingredients":[[{"name":"Mehl","amount":400.0,"unit":"g"},{"name":"Zucker","amount":115.0,"unit":"g"},{"name":"Vanillezucker","amount":2.0,"unit":"Pck"},{"name":"Zimtpulver","amount":null,"unit":null},{"name":"gemahlene Nüsse","amount":150.0,"unit":"g"},{"name":"Butter","amount":300.0,"unit":"g"}],[{"name":"Schokoglasur","amount":null,"unit":null},{"name":"Himbeerkonfitüre","amount":null,"unit":null},{"name":"Walnusshälften","amount":null,"unit":null}]],"vegetable":"Vegetable.VEGETARIAN","steps":["Den Teig etwa 0,5 cm dick ausrollen und Herzen ausstechen","Bei 170° 12 min backen","Hälfte der Kekse mit Konfitüre bestreichen, andere Hälfte mit Glasur und Wallnusshälfte aufsetzen"],"stepImages":[[],[],[]],"notes":"","nutritions":[],"lastModified":"2020-05-08 11:57:36.391126","rating":null,"keywords":[{"text":"süß","number":4294961979},{"text":"Genuss","number":4293467747}],"source":""}