{"name":"Walnut hearts","image":"/Walnut_hearts/Walnut_hearts.jpg","imagePreviewPath":"/Walnut_hearts/preview/p-Walnut_hearts.jpg","preperationTime":20.0,"cookingTime":12.0,"totalTime":90.0,"servings":null,"servingName":"servings","complexity":4,"categories":["biscuits"],"ingredientsGlossary":["dough","icing"],"ingredients":[[{"name":"flour","amount":400.0,"unit":"g"},{"name":"sugar","amount":115.0,"unit":"g"},{"name":"vanilla sugar","amount":2.0,"unit":"Pck"},{"name":"cinnamon powder","amount":null,"unit":null},{"name":"ground nuts","amount":150.0,"unit":"g"},{"name":"butter","amount":300.0,"unit":"g"}],[{"name":"chocolate icing","amount":null,"unit":null},{"name":"raspberry jam","amount":null,"unit":null},{"name":"walnut halves","amount":null,"unit":null}]],"vegetable":"Vegetable.VEGAN","steps":["Roll out the dough about 0.5 cm thick and cut out hearts","Bake at 170° for 12 minutes","spread half of the biscuits with jam, place the other half with icing and half walnut"],"stepImages":[[],[],[]],"notes":"","nutritions":[],"lastModified":"2020-05-11 19:47:09.239779","rating":null,"keywords":[{"text":"cute","number":4294961979}],"source":""}